{
    "calculator_0.ply": {
        "distance_original": 0.08119541591900623,
        "distance_post_align": 0.05210755695234392,
        "euler_angles": [
            -1.199512562495253,
            -0.19296897413154354,
            0.6592921275072053
        ]
    },
    "calculator_1.ply": {
        "distance_original": 0.11992941882871402,
        "distance_post_align": 0.010900087436973595,
        "euler_angles": [
            1.5818540020828427,
            0.006827548825481075,
            0.1759022340514225
        ]
    },
    "calculator_10.ply": {
        "distance_original": 0.04732486607746415,
        "distance_post_align": 0.04655969016158133,
        "euler_angles": [
            0.2735130335807404,
            -0.05895965744817364,
            1.1811736623715752
        ]
    },
    "calculator_104.ply": {
        "distance_original": 0.0586281566304014,
        "distance_post_align": 0.01700246406629853,
        "euler_angles": [
            1.3163656963560029,
            0.090231849699016,
            0.5670202013577723
        ]
    },
    "calculator_106.ply": {
        "distance_original": 0.09001844713388918,
        "distance_post_align": 0.011348838560477081,
        "euler_angles": [
            1.617668686723691,
            -0.011915537295486,
            -0.26491990085484884
        ]
    },
    "calculator_11.ply": {
        "distance_original": 0.10859618328701401,
        "distance_post_align": 0.0017358651235415959,
        "euler_angles": [
            1.5606166606296608,
            0.1287085863004577,
            1.3041662943792174
        ]
    },
    "calculator_111.ply": {
        "distance_original": 0.07979089101981701,
        "distance_post_align": 0.014911861235026197,
        "euler_angles": [
            1.4791991998844611,
            0.013713377582244633,
            0.5061920939603729
        ]
    },
    "calculator_112.ply": {
        "distance_original": 0.0716921445671235,
        "distance_post_align": 0.008931206206412216,
        "euler_angles": [
            -1.5517776798424008,
            0.013612311039958415,
            1.4386753987255707
        ]
    },
    "calculator_12.ply": {
        "distance_original": 0.0568197048482727,
        "distance_post_align": 0.009531736072523991,
        "euler_angles": [
            -1.5860638199215018,
            0.19124851048234576,
            -0.25546592844565175
        ]
    },
    "calculator_13.ply": {
        "distance_original": 0.08375736911631146,
        "distance_post_align": 0.033307681237882525,
        "euler_angles": [
            -1.0568163216282398,
            -0.15682642543279735,
            0.16025615045593133
        ]
    },
    "calculator_16.ply": {
        "distance_original": 0.072353436556222,
        "distance_post_align": 0.027338899484597706,
        "euler_angles": [
            1.5125432657359326,
            0.10495285292190458,
            -0.34110590305878113
        ]
    },
    "calculator_17.ply": {
        "distance_original": 0.06304112879898109,
        "distance_post_align": 0.09458239168972941,
        "euler_angles": [
            -0.6458818956833077,
            0.30818354370349454,
            -0.4099536382820095
        ]
    },
    "calculator_18.ply": {
        "distance_original": 0.04401494645671035,
        "distance_post_align": 0.006598015840433297,
        "euler_angles": [
            1.560956734506521,
            0.01718051220669688,
            -0.6390590881702042
        ]
    },
    "calculator_19.ply": {
        "distance_original": 0.09723444827452427,
        "distance_post_align": 0.027609226790075703,
        "euler_angles": [
            -1.0079419392678444,
            -0.3273935506738401,
            -0.30575735546411525
        ]
    },
    "calculator_2.ply": {
        "distance_original": 0.11255148852835348,
        "distance_post_align": 0.010827380280811415,
        "euler_angles": [
            -1.5170657963597607,
            0.0075976145050815095,
            -0.023920750749117342
        ]
    },
    "calculator_20.ply": {
        "distance_original": 0.027136084017204284,
        "distance_post_align": 0.04762763850309409,
        "euler_angles": [
            0.07594017380074666,
            0.14435802859157806,
            0.22144218408234542
        ]
    },
    "calculator_21.ply": {
        "distance_original": 0.09398067662591722,
        "distance_post_align": 0.04751751631198235,
        "euler_angles": [
            -1.0240004758774421,
            0.20067486438389112,
            0.8966206896589385
        ]
    },
    "calculator_23.ply": {
        "distance_original": 0.04150234510251986,
        "distance_post_align": 0.03493114649749628,
        "euler_angles": [
            0.5340128150674733,
            -0.03034533242223264,
            -0.4448703628453193
        ]
    },
    "calculator_25.ply": {
        "distance_original": 0.03234428397860363,
        "distance_post_align": 0.020963205625619548,
        "euler_angles": [
            -0.6060025271532435,
            -9.629508474758768e-05,
            0.251098483580492
        ]
    },
    "calculator_26.ply": {
        "distance_original": 0.027340159797280827,
        "distance_post_align": 0.021595746837993788,
        "euler_angles": [
            1.5443120294832162,
            0.012669847193148768,
            -0.38269335017189776
        ]
    },
    "calculator_27.ply": {
        "distance_original": 0.016163290400144848,
        "distance_post_align": 0.028990091232229075,
        "euler_angles": [
            -0.04326266200107989,
            0.018343260955047153,
            0.559298760209608
        ]
    },
    "calculator_28.ply": {
        "distance_original": 0.07945161345227811,
        "distance_post_align": 0.03778452226804859,
        "euler_angles": [
            -0.9560486517156118,
            0.2603652522069345,
            0.30292197613533534
        ]
    },
    "calculator_3.ply": {
        "distance_original": 0.08130686033688318,
        "distance_post_align": 0.08248201548391482,
        "euler_angles": [
            -0.3142980000748588,
            -0.4975111066449763,
            -0.8105278760555047
        ]
    },
    "calculator_32.ply": {
        "distance_original": 0.0162290564920901,
        "distance_post_align": 0.03112708752562718,
        "euler_angles": [
            0.05827982594125684,
            0.020021022511874553,
            0.39488628360359784
        ]
    },
    "calculator_34.ply": {
        "distance_original": 0.08049286353521092,
        "distance_post_align": 0.017246310038946926,
        "euler_angles": [
            1.2917607043741037,
            0.06790004099342498,
            0.5942342865112411
        ]
    },
    "calculator_35.ply": {
        "distance_original": 0.07267338253214134,
        "distance_post_align": 0.014309585222181714,
        "euler_angles": [
            -1.5188128076776515,
            0.1186887280604981,
            -0.19991196734845013
        ]
    },
    "calculator_36.ply": {
        "distance_original": 0.11008698571061795,
        "distance_post_align": 0.018777339819079003,
        "euler_angles": [
            1.2617096158651582,
            0.03106471048322015,
            -0.2197963982659784
        ]
    },
    "calculator_37.ply": {
        "distance_original": 0.07616583176835215,
        "distance_post_align": 0.03128670952069162,
        "euler_angles": [
            1.4468405314606942,
            0.2204865939176999,
            0.5257633046817475
        ]
    },
    "calculator_38.ply": {
        "distance_original": 0.07908603551609558,
        "distance_post_align": 0.031757311315813094,
        "euler_angles": [
            -1.3123614561469854,
            -0.020099278082340275,
            -1.0155735531273438
        ]
    },
    "calculator_39.ply": {
        "distance_original": 0.10180969299574134,
        "distance_post_align": 0.0065775254542033805,