{
    "game+boy_0.ply": {
        "distance_original": 0.06156616475525206,
        "distance_post_align": 0.005198138974006828,
        "euler_angles": [
            -1.5647107893872727,
            0.07757330483337325,
            -1.47643994631635
        ]
    },
    "game+boy_1.ply": {
        "distance_original": 0.05593017329833858,
        "distance_post_align": 0.024722336913250324,
        "euler_angles": [
            1.5733594001195672,
            0.08661187652000653,
            -0.04678977138623945
        ]
    },
    "game+boy_10.ply": {
        "distance_original": 0.09875656241567665,
        "distance_post_align": 0.003848652685922689,
        "euler_angles": [
            1.5139242885670363,
            -0.000663487732354219,
            0.49244393453993457
        ]
    },
    "game+boy_109.ply": {
        "distance_original": 0.03553327139745599,
        "distance_post_align": 0.015595433620685188,
        "euler_angles": [
            -0.6047625731745203,
            -0.06934022247596038,
            0.6958709062579508
        ]
    },
    "game+boy_11.ply": {
        "distance_original": 0.047715764407625705,
        "distance_post_align": 0.031089897969986374,
        "euler_angles": [
            -0.28528361574399397,
            0.0222496407955588,
            -0.6357886494052918
        ]
    },
    "game+boy_110.ply": {
        "distance_original": 0.08397953023768194,
        "distance_post_align": 0.012361519777689312,
        "euler_angles": [
            -1.5509709478384477,
            0.02111794018741029,
            -1.2696235448094542
        ]
    },
    "game+boy_111.ply": {
        "distance_original": 0.07334779921075169,
        "distance_post_align": 0.001426940019586257,
        "euler_angles": [
            -1.5712754115076626,
            -0.004895576338288752,
            -1.2613201100448868
        ]
    },
    "game+boy_112.ply": {
        "distance_original": 0.030453135254964053,
        "distance_post_align": 0.03813495778437078,
        "euler_angles": [
            0.15633845673609756,
            0.17393311848264714,
            -0.14865145479984554
        ]
    },
    "game+boy_124.ply": {
        "distance_original": 0.08649057508343003,
        "distance_post_align": 0.003468044752639526,
        "euler_angles": [
            -1.5535872217648268,
            0.01820270738434988,
            -2.0352858056794254
        ]
    },
    "game+boy_127.ply": {
        "distance_original": 0.11176201726141352,
        "distance_post_align": 0.004845269088474767,
        "euler_angles": [
            1.503699123097298,
            -0.0034630156864334694,
            -0.015000745022828521
        ]
    },
    "game+boy_128.ply": {
        "distance_original": 0.12015579710687543,
        "distance_post_align": 0.004272606150059288,
        "euler_angles": [
            1.4893652913606883,
            0.008286190958829057,
            0.31301068476765703
        ]
    },
    "game+boy_129.ply": {
        "distance_original": 0.03468006828604811,
        "distance_post_align": 0.013534390104988869,
        "euler_angles": [
            -1.564075041833211,
            0.01579020337264174,
            -0.51499093828907
        ]
    },
    "game+boy_13.ply": {
        "distance_original": 0.09390347223730255,
        "distance_post_align": 0.007311665630362495,
        "euler_angles": [
            -1.4272421234686437,
            0.008660450999602718,
            0.09565886020790165
        ]
    },
    "game+boy_131.ply": {
        "distance_original": 0.061812989896256776,
        "distance_post_align": 0.001890271343643305,
        "euler_angles": [
            -1.5745504923588607,
            0.03428573740022865,
            -1.3674970688943624
        ]
    },
    "game+boy_135.ply": {
        "distance_original": 0.06853520110631395,
        "distance_post_align": 0.03993051215921371,
        "euler_angles": [
            -1.5151140560196068,
            -0.04179465989083126,
            1.0123152261301382
        ]
    },
    "game+boy_136.ply": {
        "distance_original": 0.11576778579769825,
        "distance_post_align": 0.02242898808475038,
        "euler_angles": [
            1.341038785120551,
            -0.012070279015817593,
            0.4466722668347384
        ]
    },
    "game+boy_14.ply": {
        "distance_original": 0.12397254668286084,
        "distance_post_align": 0.0038845945891635963,
        "euler_angles": [
            1.452366962001348,
            0.016149625035085803,
            0.698775455750234
        ]
    },
    "game+boy_140.ply": {
        "distance_original": 0.06611936261306726,
        "distance_post_align": 0.011424974512384282,
        "euler_angles": [
            -1.4615233307284206,
            -0.027777169168950327,
            -0.046276075916744666
        ]
    },
    "game+boy_141.ply": {
        "distance_original": 0.08895641407089466,
        "distance_post_align": 0.005637550229444153,
        "euler_angles": [
            1.5599419899189295,
            0.006674105351639895,
            0.7397498358774189
        ]
    },
    "game+boy_145.ply": {
        "distance_original": 0.06387757647971365,
        "distance_post_align": 0.05827825088550086,
        "euler_angles": [
            -0.1330668962509327,
            -0.056764118404625356,
            -0.967773131638092
        ]
    },
    "game+boy_15.ply": {
        "distance_original": 0.07383210511465513,
        "distance_post_align": 0.00874988355586089,
        "euler_angles": [
            -1.6219748986263423,
            -0.03660329861829182,
            1.4153618757467987
        ]
    },
    "game+boy_158.ply": {
        "distance_original": 0.07345590952168421,
        "distance_post_align": 0.008182486675163646,
        "euler_angles": [
            1.5010819353888682,
            -0.01458115368167612,
            0.31779002069326745
        ]
    },
    "game+boy_159.ply": {
        "distance_original": 0.12374014787425368,
        "distance_post_align": 0.021580319140950335,
        "euler_angles": [
            1.2541131826136924,
            0.15634615060394844,
            0.5590998163574908
        ]
    },
    "game+boy_16.ply": {
        "distance_original": 0.10168140733544462,
        "distance_post_align": 0.005955556479671351,
        "euler_angles": [
            -1.5842487531405904,
            0.008608923056501103,
            0.4132793702127693
        ]
    },
    "game+boy_160.ply": {
        "distance_original": 0.07238697660947124,
        "distance_post_align": 0.007209191392942093,
        "euler_angles": [
            1.6363264595826137,
            0.004530974741006032,
            0.3135536692548395
        ]
    },
    "game+boy_161.ply": {
        "distance_original": 0.05791858977465047,
        "distance_post_align": 0.021967619972507055,
        "euler_angles": [
            -1.4368220742541287,
            0.08511254885681596,
            -0.825057443095269
        ]
    },
    "game+boy_162.ply": {
        "distance_original": 0.0738688818719457,
        "distance_post_align": 0.01384702789223699,
        "euler_angles": [
            1.318762077145984,
            -0.005617067784123358,
            0.45448171982978924
        ]
    },
    "game+boy_163.ply": {
        "distance_original": 0.07685335383839514,
        "distance_post_align": 0.005650883697114959,
        "euler_angles": [
            -1.4378667960257334,
            0.1721854030023804,
            0.2557572911067977
        ]
    },
    "game+boy_17.ply": {
        "distance_original": 0.09157689003024441,
        "distance_post_align": 0.0016449477523277378,
        "euler_angles": [
            -1.583225038918351,
            -0.012797678698098716,
            -2.1861426548621097
        ]
    },
    "game+boy_179.ply": {
        "distance_original": 0.07653264613575698,
        "distance_post_align": 0.017541458817232757,