{
    "iPad_10.ply": {
        "distance_original": 0.1464477472587783,
        "distance_post_align": 0.005494059733015137,
        "euler_angles": [
            1.4270577760619985,
            -0.042093464759731185,
            -0.08684360790426326
        ]
    },
    "iPad_100.ply": {
        "distance_original": 0.053180669805549266,
        "distance_post_align": 0.013929854477264103,
        "euler_angles": [
            0.009023447658144656,
            0.004419994343385821,
            0.8320495309346813
        ]
    },
    "iPad_101.ply": {
        "distance_original": 0.047391495682863355,
        "distance_post_align": 0.03815751691867732,
        "euler_angles": [
            -0.19417962615431053,
            -0.318330961921512,
            -1.0258431900312102
        ]
    },
    "iPad_102.ply": {
        "distance_original": 0.12273128437796842,
        "distance_post_align": 0.07089669122099715,
        "euler_angles": [
            -1.559929981362031,
            0.01852910427989241,
            0.5332787193660973
        ]
    },
    "iPad_103.ply": {
        "distance_original": 0.1272454661625211,
        "distance_post_align": 0.03858757499767933,
        "euler_angles": [
            1.559831995923571,
            0.00579030221056673,
            0.5266615280212085
        ]
    },
    "iPad_13.ply": {
        "distance_original": 0.13448514716472895,
        "distance_post_align": 0.020417353331473733,
        "euler_angles": [
            1.5963818674034416,
            0.006947931533088699,
            -0.3689476148838484
        ]
    },
    "iPad_14.ply": {
        "distance_original": 0.1192046100068064,
        "distance_post_align": 0.06130307504030567,
        "euler_angles": [
            -0.8684866374365665,
            0.24511561669691467,
            0.4022121956164513
        ]
    },
    "iPad_18.ply": {
        "distance_original": 0.0615400541979145,
        "distance_post_align": 0.05431668802635421,
        "euler_angles": [
            -0.22070552254065032,
            0.023213989152354106,
            0.5228596780768694
        ]
    },
    "iPad_21.ply": {
        "distance_original": 0.11986734680400075,
        "distance_post_align": 0.006470105173006188,
        "euler_angles": [
            1.510189522983146,
            -0.02374920767207965,
            -0.3324181892933371
        ]
    },
    "iPad_3.ply": {
        "distance_original": 0.14898689344548705,
        "distance_post_align": 0.009593333698673344,
        "euler_angles": [
            1.4195076955929982,
            -1.486207705558098,
            -2.1166709417797294
        ]
    },
    "iPad_33.ply": {
        "distance_original": 0.04211136507139539,
        "distance_post_align": 0.018594708046965846,
        "euler_angles": [
            1.138307405572684,
            -0.05507033203578517,
            0.5368160048110341
        ]
    },
    "iPad_37.ply": {
        "distance_original": 0.11491565204175547,
        "distance_post_align": 0.00781532259040918,
        "euler_angles": [
            1.289996467916861,
            0.0432299414770615,
            0.5686580115183225
        ]
    },
    "iPad_4.ply": {
        "distance_original": 0.08826992607729947,
        "distance_post_align": 0.03410889454245713,
        "euler_angles": [
            0.9765206183080964,
            -0.14138443083811525,
            -0.12694788141581131
        ]
    },
    "iPad_5.ply": {
        "distance_original": 0.19243932267833036,
        "distance_post_align": 0.005310160639207442,
        "euler_angles": [
            -1.5724130795679823,
            -0.006965331901987116,
            0.7983757424409288
        ]
    },
    "iPad_6.ply": {
        "distance_original": 0.11628383930237732,
        "distance_post_align": 0.006090464879641001,
        "euler_angles": [
            -0.044198337170508424,
            -1.3181599156783657,
            -0.17963956676735424
        ]
    },
    "iPad_63.ply": {
        "distance_original": 0.0999724073736378,
        "distance_post_align": 0.012314223172332443,
        "euler_angles": [
            0.023227221766835993,
            -0.4121522855791428,
            0.7528430105851668
        ]
    },
    "iPad_7.ply": {
        "distance_original": 0.07281727263024113,
        "distance_post_align": 0.06485050232062137,
        "euler_angles": [
            1.3616924890635582,
            -0.6558903971441834,
            0.013520504597764585
        ]
    },
    "iPad_70.ply": {
        "distance_original": 0.11296538026063055,
        "distance_post_align": 0.008183405156761176,
        "euler_angles": [
            1.5325448533644592,
            0.002703456149997574,
            0.5628386743092161
        ]
    },
    "iPad_71.ply": {
        "distance_original": 0.053117108650619325,
        "distance_post_align": 0.0287055956100615,
        "euler_angles": [
            0.858882711293412,
            0.05432018561266504,
            -0.8599086698612957
        ]
    },
    "iPad_9.ply": {
        "distance_original": 0.10567920204344214,
        "distance_post_align": 0.006517903912262486,
        "euler_angles": [
            1.554889694258163,
            -0.011500397092317984,
            -0.4322979277697526
        ]
    }
}