{
    "pc+monitor_0.ply": {
        "distance_original": 0.06281063991869486,
        "distance_post_align": 0.02404219802338153,
        "euler_angles": [
            -1.614872718710286,
            -0.35305113776844615,
            0.2916810951178461
        ]
    },
    "pc+monitor_1.ply": {
        "distance_original": 0.10904781202195121,
        "distance_post_align": 0.02180102356928365,
        "euler_angles": [
            0.047314932612116785,
            -0.13703027165838583,
            1.4897285829310185
        ]
    },
    "pc+monitor_10.ply": {
        "distance_original": 0.09044108205345794,
        "distance_post_align": 0.013534241448476023,
        "euler_angles": [
            -1.606986461208007,
            -0.25634957396468616,
            -0.0441822465923107
        ]
    },
    "pc+monitor_11.ply": {
        "distance_original": 0.06624028569222498,
        "distance_post_align": 0.012702993880320231,
        "euler_angles": [
            1.5251343226352627,
            -0.0508650859551446,
            0.5239104903205736
        ]
    },
    "pc+monitor_13.ply": {
        "distance_original": 0.04197809044700612,
        "distance_post_align": 0.035690671270857996,
        "euler_angles": [
            -1.2891908277625717,
            0.11738824874513319,
            0.7258078689688808
        ]
    },
    "pc+monitor_14.ply": {
        "distance_original": 0.1044402388111852,
        "distance_post_align": 0.005301139472952144,
        "euler_angles": [
            1.536943751223744,
            -0.015730318293037792,
            0.5583836011639666
        ]
    },
    "pc+monitor_15.ply": {
        "distance_original": 0.034167612191467384,
        "distance_post_align": 0.014531893127598103,
        "euler_angles": [
            -0.35512052394793736,
            0.049353514929270016,
            -0.5066830520774306
        ]
    },
    "pc+monitor_16.ply": {
        "distance_original": 0.029564471526235987,
        "distance_post_align": 0.023877696262385898,
        "euler_angles": [
            0.30094784078761927,
            0.5331231107071063,
            -0.49484776740297937
        ]
    },
    "pc+monitor_19.ply": {
        "distance_original": 0.04471754696212571,
        "distance_post_align": 0.036055980360648124,
        "euler_angles": [
            -0.7778655585539983,
            0.6582409157162357,
            -1.337129658286812
        ]
    },
    "pc+monitor_20.ply": {
        "distance_original": 0.07182126074096043,
        "distance_post_align": 0.005478653616236488,
        "euler_angles": [
            -1.5559256085128816,
            -0.09765383968331448,
            1.1886152692099192
        ]
    },
    "pc+monitor_21.ply": {
        "distance_original": 0.0860908705812375,
        "distance_post_align": 0.02437215509725156,
        "euler_angles": [
            -1.181298085115043,
            -0.7577613966786324,
            0.6481033496929537
        ]
    },
    "pc+monitor_22.ply": {
        "distance_original": 0.08117688243042706,
        "distance_post_align": 0.02587937100886903,
        "euler_angles": [
            -1.1313030521743652,
            -1.259926246692211,
            0.28958932210722876
        ]
    },
    "pc+monitor_23.ply": {
        "distance_original": 0.03238706953161869,
        "distance_post_align": 0.01242091902175304,
        "euler_angles": [
            0.06691723837436166,
            -0.9310872493432774,
            -0.169019649180341
        ]
    },
    "pc+monitor_24.ply": {
        "distance_original": 0.04497781600770339,
        "distance_post_align": 0.02860477845068255,
        "euler_angles": [
            -0.5829758990556487,
            0.34212749196290626,
            0.12453877313497971
        ]
    },
    "pc+monitor_25.ply": {
        "distance_original": 0.02324177091823402,
        "distance_post_align": 0.009917863694537022,
        "euler_angles": [
            0.18638535412331594,
            -0.09893095990521017,
            0.2661565861179657
        ]
    },
    "pc+monitor_26.ply": {
        "distance_original": 0.05862466640189123,
        "distance_post_align": 0.030421083304033716,
        "euler_angles": [
            -0.16321879637263048,
            0.014215427467948592,
            -0.5269143478791241
        ]
    },
    "pc+monitor_27.ply": {
        "distance_original": 0.06854200680326415,
        "distance_post_align": 0.015549442944761849,
        "euler_angles": [
            -0.6875909112150836,
            -0.15373501421205163,
            1.4308604369275473
        ]
    },
    "pc+monitor_28.ply": {
        "distance_original": 0.016156527359666606,
        "distance_post_align": 0.008586577032111645,
        "euler_angles": [
            0.16249112529030818,
            -0.14253846923608143,
            0.2961413500429828
        ]
    },
    "pc+monitor_3.ply": {
        "distance_original": 0.04381027566562299,
        "distance_post_align": 0.010898218870353991,
        "euler_angles": [
            -1.6000908334985713,
            -0.010007753321917218,
            0.5889219816181932
        ]
    },
    "pc+monitor_31.ply": {
        "distance_original": 0.057604868009251145,
        "distance_post_align": 0.02441067348652863,
        "euler_angles": [
            1.4804736284474562,
            0.03747569993564786,
            0.35886130208301664
        ]
    },
    "pc+monitor_37.ply": {
        "distance_original": 0.058179716887679346,
        "distance_post_align": 0.01831337138562227,
        "euler_angles": [
            -1.3299286770421384,
            0.14303546376666706,
            0.30366193209821485
        ]
    },
    "pc+monitor_38.ply": {
        "distance_original": 0.041103670353883945,
        "distance_post_align": 0.022099485014165948,
        "euler_angles": [
            0.7813436289773181,
            0.48989011050165376,
            0.200826547255339
        ]
    },
    "pc+monitor_39.ply": {
        "distance_original": 0.06652248575316505,
        "distance_post_align": 0.01111389552907376,
        "euler_angles": [
            -0.22836463722477332,
            0.10553819586225352,
            -1.0209382755063763
        ]
    },
    "pc+monitor_4.ply": {
        "distance_original": 0.12992680439469084,
        "distance_post_align": 0.02798896760782578,
        "euler_angles": [
            -1.5631783259813634,
            0.04096293861974128,
            0.941285335038992
        ]
    },
    "pc+monitor_41.ply": {
        "distance_original": 0.08379496114663666,
        "distance_post_align": 0.012687752209665105,
        "euler_angles": [
            -1.566463312178086,
            -0.10917097916648098,
            -1.1847580378847018
        ]
    },
    "pc+monitor_45.ply": {
        "distance_original": 0.08767246441689294,
        "distance_post_align": 0.018867507457707763,
        "euler_angles": [
            -0.10811697760779024,
            -0.003729755731393618,
            -1.266528991762363
        ]
    },
    "pc+monitor_5.ply": {
        "distance_original": 0.12470471835619054,
        "distance_post_align": 0.014525560148358778,
        "euler_angles": [
            -1.4963360215886887,
            -0.7241982831153392,
            0.9127684732386094
        ]
    },
    "pc+monitor_50.ply": {
        "distance_original": 0.08013245393882588,
        "distance_post_align": 0.006003526713023918,
        "euler_angles": [
            1.4405137767924725,
            -0.006193825093426697,
            0.5302861178287399
        ]
    },
    "pc+monitor_52.ply": {
        "distance_original": 0.06782093551149687,
        "distance_post_align": 0.02155930571429812,
        "euler_angles": [
            -1.1026455516416078,
            0.04161622719415624,
            -0.8231470671215613
        ]
    },
    "pc+monitor_53.ply": {
        "distance_original": 0.056704083877412284,
        "distance_post_align": 0.029578087397960383,