{
    "polaroid_0.ply": {
        "distance_original": 0.03177494772235152,
        "distance_post_align": 0.012472820230519342,
        "euler_angles": [
            -1.3618154823276738,
            -0.04796510871263971,
            -0.18924903171106705
        ]
    },
    "polaroid_10.ply": {
        "distance_original": 0.03533037757734509,
        "distance_post_align": 0.022968289757373007,
        "euler_angles": [
            1.0014713995361044,
            -0.4050894606466641,
            -0.7864286564615879
        ]
    },
    "polaroid_11.ply": {
        "distance_original": 0.038357760012992265,
        "distance_post_align": 0.02247634210929898,
        "euler_angles": [
            0.39027533312262763,
            -0.290898203204285,
            0.5083858689157386
        ]
    },
    "polaroid_12.ply": {
        "distance_original": 0.03768001820654891,
        "distance_post_align": 0.01817143742778351,
        "euler_angles": [
            -0.8583411641423683,
            -0.04117992176826751,
            -0.29199787533787436
        ]
    },
    "polaroid_13.ply": {
        "distance_original": 0.029156985998571753,
        "distance_post_align": 0.021183204725194377,
        "euler_angles": [
            -0.852924322332155,
            0.025072563408791403,
            -0.22657561447126268
        ]
    },
    "polaroid_15.ply": {
        "distance_original": 0.0294192063183712,
        "distance_post_align": 0.010422779830962143,
        "euler_angles": [
            0.011357986478756256,
            -0.09824783547605899,
            0.4180964170547049
        ]
    },
    "polaroid_16.ply": {
        "distance_original": 0.036108980985211286,
        "distance_post_align": 0.014438712942669556,
        "euler_angles": [
            -0.2641666475106637,
            -0.02678731434246143,
            -0.08766612045929095
        ]
    },
    "polaroid_18.ply": {
        "distance_original": 0.07174482964405814,
        "distance_post_align": 0.010164470132086673,
        "euler_angles": [
            -1.0754520294013163,
            -0.06492240553107095,
            -0.04433041494394832
        ]
    },
    "polaroid_19.ply": {
        "distance_original": 0.03060283407665274,
        "distance_post_align": 0.011629519297784623,
        "euler_angles": [
            -0.7378679100057633,
            -0.1277664134273048,
            -0.1683653897861852
        ]
    },
    "polaroid_2.ply": {
        "distance_original": 0.020766425977754206,
        "distance_post_align": 0.013823248835117484,
        "euler_angles": [
            1.1909082684632581,
            -0.048093642112066015,
            -0.09126865299903311
        ]
    },
    "polaroid_20.ply": {
        "distance_original": 0.04771810296510739,
        "distance_post_align": 0.015731152682354463,
        "euler_angles": [
            -0.8735898062818084,
            -0.029995599601133478,
            -0.01712328017166229
        ]
    },
    "polaroid_21.ply": {
        "distance_original": 0.04836768290637772,
        "distance_post_align": 0.02192490350570615,
        "euler_angles": [
            0.26961949233702787,
            -0.8562631196786489,
            -0.08947392022323009
        ]
    },
    "polaroid_24.ply": {
        "distance_original": 0.032466452555757225,
        "distance_post_align": 0.04328279690350375,
        "euler_angles": [
            -0.2020391891034168,
            0.43540957904565203,
            0.16667950035890103
        ]
    },
    "polaroid_25.ply": {
        "distance_original": 0.07058243116066033,
        "distance_post_align": 0.07292299611502301,
        "euler_angles": [
            -0.06106730667831781,
            0.4155737112378908,
            0.6139450287278282
        ]
    },
    "polaroid_27.ply": {
        "distance_original": 0.04383579489977989,
        "distance_post_align": 0.02736614999899048,
        "euler_angles": [
            -0.2729849910914554,
            -0.029689888189870957,
            -0.12912295185777556
        ]
    },
    "polaroid_28.ply": {
        "distance_original": 0.036556113327371756,
        "distance_post_align": 0.018496171177615255,
        "euler_angles": [
            0.5580026595141139,
            0.3560812294028913,
            0.2716511772197915
        ]
    },
    "polaroid_29.ply": {
        "distance_original": 0.038219776167689457,
        "distance_post_align": 0.015360545161210886,
        "euler_angles": [
            -0.48278413037777174,
            -0.0338905491202191,
            0.4919512736369661
        ]
    },
    "polaroid_3.ply": {
        "distance_original": 0.045662633621024185,
        "distance_post_align": 0.015303900141555056,
        "euler_angles": [
            -0.352046722607957,
            -0.09644926894278132,
            0.5803993374258799
        ]
    },
    "polaroid_31.ply": {
        "distance_original": 0.045526578522683464,
        "distance_post_align": 0.012760449997248915,
        "euler_angles": [
            -0.6714268186020509,
            -0.08887674465261391,
            0.9405891169356064
        ]
    },
    "polaroid_32.ply": {
        "distance_original": 0.06158894365462465,
        "distance_post_align": 0.016215009027995782,
        "euler_angles": [
            0.3287639060899242,
            -0.5177679273892561,
            0.7669956266543068
        ]
    },
    "polaroid_34.ply": {
        "distance_original": 0.03805473767014659,
        "distance_post_align": 0.02182835040332754,
        "euler_angles": [
            0.06563706621583652,
            -0.038000502220551215,
            -0.17287115540155834
        ]
    },
    "polaroid_35.ply": {
        "distance_original": 0.02907446633081367,
        "distance_post_align": 0.017205538940975575,
        "euler_angles": [
            -0.22608210961973993,
            -0.1891552068958289,
            -0.24287003365689477
        ]
    },
    "polaroid_36.ply": {
        "distance_original": 0.037645497409935544,
        "distance_post_align": 0.014866526245429973,
        "euler_angles": [
            0.14242787917867303,
            0.07478608685613837,
            0.7930325754003198
        ]
    },
    "polaroid_4.ply": {
        "distance_original": 0.0233150347735211,
        "distance_post_align": 0.015846171705838134,
        "euler_angles": [
            0.7279977222372599,
            0.5902872686247717,
            0.9680498612391621
        ]
    },
    "polaroid_40.ply": {
        "distance_original": 0.0379640693759693,
        "distance_post_align": 0.011998151172575971,
        "euler_angles": [
            1.5123743690897458,
            -0.034716596259629494,
            -0.6443926023471425
        ]
    },
    "polaroid_41.ply": {
        "distance_original": 0.052692877759178344,
        "distance_post_align": 0.022944322731816916,
        "euler_angles": [
            -0.400192450466377,
            -0.10165048675588947,
            0.6892309645442254
        ]
    },
    "polaroid_43.ply": {
        "distance_original": 0.042103421928501784,
        "distance_post_align": 0.03244683575640305,
        "euler_angles": [
            -0.29986247363604746,
            0.2447572370482122,
            -0.7172709950243672
        ]
    },
    "polaroid_46.ply": {
        "distance_original": 0.03742003853177552,
        "distance_post_align": 0.022223553725032014,
        "euler_angles": [
            -0.9533592229612303,
            -0.4070345956033256,
            1.3115782899977408
        ]
    },
    "polaroid_47.ply": {
        "distance_original": 0.023714371833265913,
        "distance_post_align": 0.013558860892278472,
        "euler_angles": [
            -0.5668167208265467,
            0.7694133605296436,
            -0.9925787213629275
        ]
    },
    "polaroid_48.ply": {
        "distance_original": 0.05180169658230441,
        "distance_post_align": 0.019015004447309906,