{
    "smartphone_0.ply": {
        "distance_original": 0.11982527532187705,
        "distance_post_align": 0.00708242654943252,
        "euler_angles": [
            1.5507417985308398,
            0.036128532799312926,
            0.5567965987773712
        ]
    },
    "smartphone_1.ply": {
        "distance_original": 0.11503509058102232,
        "distance_post_align": 0.0011974454557039796,
        "euler_angles": [
            1.5721182663692028,
            0.008447028437613052,
            0.8627923828836832
        ]
    },
    "smartphone_10.ply": {
        "distance_original": 0.08978211809313835,
        "distance_post_align": 0.002813512724822482,
        "euler_angles": [
            1.5609280269418488,
            -0.004962915253999646,
            -1.3600324957463052
        ]
    },
    "smartphone_11.ply": {
        "distance_original": 0.0241063391157153,
        "distance_post_align": 0.021760593743617777,
        "euler_angles": [
            -0.12085808452154218,
            -0.0010721458025181232,
            -0.08613775761974912
        ]
    },
    "smartphone_12.ply": {
        "distance_original": 0.12519943078174323,
        "distance_post_align": 0.021371836526255777,
        "euler_angles": [
            -1.5946001854023797,
            0.009397297436651107,
            0.6003087576604373
        ]
    },
    "smartphone_13.ply": {
        "distance_original": 0.11351942535294601,
        "distance_post_align": 0.05521042277856647,
        "euler_angles": [
            0.9481411081818533,
            -0.04058934781988974,
            -1.111211141144947
        ]
    },
    "smartphone_14.ply": {
        "distance_original": 0.11530156973670119,
        "distance_post_align": 0.0024313094162391876,
        "euler_angles": [
            -1.6092086050111465,
            -0.010643832484778381,
            1.0168807195834046
        ]
    },
    "smartphone_15.ply": {
        "distance_original": 0.08048337796840749,
        "distance_post_align": 0.022446631819869705,
        "euler_angles": [
            -1.1724178411505337,
            0.06502329122473703,
            -1.1459820345803897
        ]
    },
    "smartphone_17.ply": {
        "distance_original": 0.0561995374133758,
        "distance_post_align": 0.024927194612365138,
        "euler_angles": [
            -1.0880568637899382,
            0.9065178178860424,
            -0.09291778544718397
        ]
    },
    "smartphone_19.ply": {
        "distance_original": 0.08378370001084445,
        "distance_post_align": 0.015413169674458577,
        "euler_angles": [
            -1.5157788691360503,
            -0.01309230699117067,
            0.3694288096634218
        ]
    },
    "smartphone_22.ply": {
        "distance_original": 0.029263856218851518,
        "distance_post_align": 0.021028145520891914,
        "euler_angles": [
            0.08011520140920624,
            0.47389429920217374,
            -0.1354914093963785
        ]
    },
    "smartphone_24.ply": {
        "distance_original": 0.08471255686568946,
        "distance_post_align": 0.028806368470191114,
        "euler_angles": [
            1.3562807964677113,
            -0.05560881855509286,
            -1.5934858703306987
        ]
    },
    "smartphone_25.ply": {
        "distance_original": 0.11888348690718722,
        "distance_post_align": 0.006142925556963417,
        "euler_angles": [
            -1.142109501226924,
            0.026732008214225604,
            -2.1044223440703314
        ]
    },
    "smartphone_27.ply": {
        "distance_original": 0.04197067936274912,
        "distance_post_align": 0.028431881134608962,
        "euler_angles": [
            -0.5201794774097301,
            -0.023086815138178545,
            -0.3540601145149528
        ]
    },
    "smartphone_28.ply": {
        "distance_original": 0.11323245999800194,
        "distance_post_align": 0.023453794713685583,
        "euler_angles": [
            1.5308698005639247,
            0.6069918285197201,
            0.45483265986821725
        ]
    },
    "smartphone_3.ply": {
        "distance_original": 0.1565036882264922,
        "distance_post_align": 0.0019032750758040014,
        "euler_angles": [
            -1.569324418338305,
            0.004904690485523572,
            -0.12096591042937999
        ]
    },
    "smartphone_32.ply": {
        "distance_original": 0.05251492521621018,
        "distance_post_align": 0.04847266256513893,
        "euler_angles": [
            -0.4311477844902558,
            0.14067716944622827,
            0.05514816633686853
        ]
    },
    "smartphone_37.ply": {
        "distance_original": 0.03883845177409792,
        "distance_post_align": 0.029102025538396963,
        "euler_angles": [
            0.6021525228254045,
            -0.058749234010517314,
            0.4715308692275648
        ]
    },
    "smartphone_38.ply": {
        "distance_original": 0.009083693405580155,
        "distance_post_align": 0.005702831446130298,
        "euler_angles": [
            -0.022395149081557025,
            0.00030941831938016755,
            0.5649092433251178
        ]
    },
    "smartphone_41.ply": {
        "distance_original": 0.13621567989680572,
        "distance_post_align": 0.02521141940238826,
        "euler_angles": [
            1.3793834521234163,
            -0.09629873632246098,
            0.30449891130428774
        ]
    },
    "smartphone_43.ply": {
        "distance_original": 0.07398346034825266,
        "distance_post_align": 0.09130118708360686,
        "euler_angles": [
            0.9975564846250429,
            0.8931231585545503,
            0.2539120805085956
        ]
    },
    "smartphone_44.ply": {
        "distance_original": 0.14238981258800598,
        "distance_post_align": 0.004112777198996052,
        "euler_angles": [
            -1.5923389801374392,
            -0.06224425681110113,
            1.4074538842244366
        ]
    },
    "smartphone_46.ply": {
        "distance_original": 0.14374072881375985,
        "distance_post_align": 0.005092477014194847,
        "euler_angles": [
            -1.5717240010506948,
            0.0024925147224754084,
            0.2383897930204864
        ]
    },
    "smartphone_47.ply": {
        "distance_original": 0.15253418630855184,
        "distance_post_align": 0.0025889657347967126,
        "euler_angles": [
            1.5944024619478665,
            -0.04790678818402456,
            -0.5102920058851257
        ]
    },
    "smartphone_48.ply": {
        "distance_original": 0.04477622464465905,
        "distance_post_align": 0.00719535068568461,
        "euler_angles": [
            1.5668800724573648,
            0.020513123329309213,
            0.5807400901786216
        ]
    },
    "smartphone_49.ply": {
        "distance_original": 0.12613780935976543,
        "distance_post_align": 0.03897887774629541,
        "euler_angles": [
            1.0705545123417415,
            0.011745677321394513,
            0.48930893038085993
        ]
    },
    "smartphone_5.ply": {
        "distance_original": 0.12706050037584304,
        "distance_post_align": 0.007474498089148752,
        "euler_angles": [
            -1.5558097734852705,
            -0.00014798633245149815,
            -0.39621608807053976
        ]
    },
    "smartphone_50.ply": {
        "distance_original": 0.19704349693966786,
        "distance_post_align": 0.0032651819603890277,
        "euler_angles": [
            1.557432634499925,
            0.004622289006493676,
            0.3072844134241589
        ]
    },
    "smartphone_51.ply": {
        "distance_original": 0.058073533022060315,
        "distance_post_align": 0.01197012617294024,
        "euler_angles": [
            -1.1870913557322929,
            0.00827263181867402,
            0.44458277388647144
        ]
    },
    "smartphone_52.ply": {
        "distance_original": 0.11323321172373361,
        "distance_post_align": 0.013680114724595337,